{
    "name": "SnapKit",
    "version": "5.0.1",
    "license": "MIT",
    "summary": "Harness the power of auto layout with a simplified, chainable, and compile time safe syntax.",
    "homepage": "https://github.com/SnapKit/SnapKit",
    "authors": {
        "Robert Payne": "robertpayne@me.com"
    },
    "social_media_url": "http://twitter.com/robertjpayne",
    "source": {
        "http": "https://binaryframework.oss-cn-beijing.aliyuncs.com//SnapKit/release/5.0.1.zip"
    },
    "platforms": {
        "ios": "10.0",
        "osx": "10.12",
        "tvos": "10.0"
    },
    "swift_versions": "5.0",
    "swift_version": "5.0",
    "vendored_frameworks": "zip/SnapKit.framework"
}