{
    "name": "SwiftDate",
    "version": "6.1.0",
    "summary": "The best way to deal with Dates & Time Zones in Swift",
    "homepage": "https://github.com/malcommac/SwiftDate.git",
    "license": {
        "type": "MIT",
        "file": "LICENSE"
    },
    "authors": {
        "Daniele Margutti": "hello@danielemargutti.com"
    },
    "social_media_url": "https://twitter.com/danielemargutti",
    "platforms": {
        "ios": "8.0",
        "osx": "10.10",
        "watchos": "2.0",
        "tvos": "9.0"
    },
    "source": {
        "http": "https://binaryframework.oss-cn-beijing.aliyuncs.com//SwiftDate/release/6.1.0.zip"
    },
    "frameworks": "Foundation",
    "swift_versions": [
        "5.0",
        "5.1"
    ],
    "resources": "Sources/SwiftDate/Formatters/RelativeFormatter/langs",
    "swift_version": "5.1",
    "vendored_frameworks": "zip/SwiftDate.framework"
}